{"class_map": {"valid": [{"map95": 0.36724847921421994, "map50": 0.7526862674071052, "class": "all"}]}}