{"class_map": {"valid": [{"map95": 0.4449678148926769, "map50": 0.8162437425988435, "class": "all"}]}}